question,answer_0,answer_1,answer_2,answer_3,label
"Mission Impossible, The Silence of the Lambs, American Beauty, Star Wars Episode IV - A New Hope:",Austin Powers International Man of Mystery,Alesha Popovich and Tugarin the Dragon,In Cold Blood,Rosetta,0
"Raiders of the Lost Ark, American Beauty, Star Wars Episode V - The Empire Strikes Back, Groundhog Day:",God Bless America,Music From Another Room,Turbo A Power Rangers Movie,Star Wars Episode IV - A New Hope,3
"Star Wars Episode IV - A New Hope, Star Wars Episode V - The Empire Strikes Back, The Silence of the Lambs, The Princess Bride:",The Valet,"Love Potion #9",The Twilight Samurai,Fargo,3
"The Princess Bride, Goodfellas, Raiders of the Lost Ark, Star Wars Episode IV - A New Hope:",She's So Lovely,Indiana Jones and the Last Crusade,Daddy Day Care,35 Up,1
"The Wizard of Oz, The Big Lebowski, Being John Malkovich, Run Lola Run:",Dragon Ball Z Dead Zone,Lightning in a Bottle,The Omega Man,Goodfellas,3
"Raiders of the Lost Ark, Groundhog Day, The Fugitive, Star Wars Episode IV - A New Hope:",The Big Lebowski,A Letter to Three Wives,Hideaway,Candyman,0
"The Sword in the Stone, Fantasia, The Jungle Book, Willy Wonka & the Chocolate Factory:",The Wizard of Oz,Captain Corelli's Mandolin,Timecrimes,Arlington Road,0
"Star Wars Episode V - The Empire Strikes Back, Groundhog Day, Mission Impossible, Star Wars Episode IV - A New Hope:",View from the Top,The Doors,Raiders of the Lost Ark,Quick Change,2
"The Fugitive, Fargo, Groundhog Day, The Princess Bride:",John Q,Raiders of the Lost Ark,No Man's Land,The Morning After,1
"Star Wars Episode V - The Empire Strikes Back, Star Wars Episode IV - A New Hope, The Silence of the Lambs, Austin Powers International Man of Mystery:",Mission Impossible,Sheena,South Park Imaginationland,The Pervert's Guide to Cinema,0
"American Beauty, Raiders of the Lost Ark, Star Wars Episode V - The Empire Strikes Back, Groundhog Day:",The Odd Couple II,The Bank Dick,Bill Burr Walk Your Way Out,Star Wars Episode IV - A New Hope,3
"American Beauty, Goodfellas, The Silence of the Lambs, Star Wars Episode IV - A New Hope:",Christmas in Connecticut,The Princess Bride,Bill & Ted's Bogus Journey,Melvin and Howard,1
"Star Wars Episode IV - A New Hope, Indiana Jones and the Last Crusade, Star Wars Episode V - The Empire Strikes Back, The Big Lebowski:","Tetsuo, the Ironman",The Princess Bride,The Barkley Marathons The Race That Eats Its Young,Bug,1
"The Wizard of Oz, Fargo, Run Lola Run, Indiana Jones and the Last Crusade:",White Frog,Raiders of the Lost Ark,The Little Drummer Boy,Penny Serenade,1
"Romancing the Stone, American Beauty, The Princess Bride, Star Wars Episode IV - A New Hope:",Save the Last Dance,Passion,Being John Malkovich,Trial and Error,2
"The Sword in the Stone, The Jungle Book, Fantasia, The Wizard of Oz:",8 12,Far from Heaven,Willy Wonka & the Chocolate Factory,Pet Sematary,2
"Raiders of the Lost Ark, Indiana Jones and the Last Crusade, Mission Impossible, Groundhog Day:",Fred Armisen Standup for Drummers,Star Wars Episode V - The Empire Strikes Back,Deliver Us from Evil,Red Lights,1
"Raiders of the Lost Ark, Groundhog Day, Fargo, The Silence of the Lambs:",Tape,Gettysburg,The Princess Bride,Stardust,2
"Austin Powers International Man of Mystery, Star Wars Episode IV - A New Hope, Star Wars Episode V - The Empire Strikes Back, Mission Impossible:",The Impostors,Virunga,Self-criticism of a Bourgeois Dog,American Beauty,3
"American Beauty, Star Wars Episode V - The Empire Strikes Back, Raiders of the Lost Ark, Star Wars Episode IV - A New Hope:",Colombiana,Snow Falling on Cedars,Groundhog Day,Santa's Little Helper,2
"Goodfellas, Star Wars Episode V - The Empire Strikes Back, The Silence of the Lambs, Raiders of the Lost Ark:",Ip Man 3,Star Wars Episode IV - A New Hope,The Wedding Ringer,Delivery Man,1
"Goodfellas, Raiders of the Lost Ark, Star Wars Episode IV - A New Hope, The Silence of the Lambs:",Monty Python and the Holy Grail,Weekend at Bernie's,"American in Paris, An",Let It Snow,0
"The Princess Bride, American Beauty, Monty Python and the Holy Grail, Raiders of the Lost Ark:",The Nutty Professor,Star Wars Episode IV - A New Hope,Antichrist,Stroszek,1
"Indiana Jones and the Last Crusade, Raiders of the Lost Ark, The Big Lebowski, Star Wars Episode V - The Empire Strikes Back:",The Great Raid,Edmond,Falling Down,Goodfellas,3
"The Big Lebowski, American Beauty, Raiders of the Lost Ark, The Princess Bride:",House of Cards,A Time to Kill,Mirrors,Indiana Jones and the Last Crusade,3
"Star Wars Episode IV - A New Hope, The Fugitive, Being John Malkovich, Mission Impossible:",Pet Sematary II,Star Wars Episode V - The Empire Strikes Back,Winnie Pooh,Ken Park,1
"Star Wars Episode IV - A New Hope, Raiders of the Lost Ark, Mission Impossible, Star Wars Episode V - The Empire Strikes Back:",Indiana Jones and the Last Crusade,Stander,Too Late for Tears,Tower Heist,0
"Men in Black, The Fugitive, Raiders of the Lost Ark, Fargo:",The Silence of the Lambs,College,Music Box,Get Smart,0
"Mission Impossible, Groundhog Day, Raiders of the Lost Ark, Star Wars Episode IV - A New Hope:",Indiana Jones and the Last Crusade,"Suddenly, Last Summer",Passion,Life of Pi,0
"The Fugitive, Clear and Present Danger, The Mask, Fargo:",I'm Still Here,Schindler's List,Death at a Funeral,Block Party,1
"Dances with Wolves, Schindler's List, Batman, The Fugitive:",The Dinner Game,Metal A Headbanger's Journey,Pulp Fiction,FX2,2
"Braveheart, The Usual Suspects, Dances with Wolves, Pulp Fiction:",Metropolis,Nadja,Marty,Toy Story,3
"Braveheart, Dances with Wolves, Schindler's List, Pulp Fiction:",The Talented Mr Ripley,Ashes of Time,Quo Vadis,The Usual Suspects,3
"Dances with Wolves, Schindler's List, The Mask, Batman:",Clear and Present Danger,Dune,Funny People,Spartacus,0
"Pulp Fiction, Batman, Braveheart, Schindler's List:",Two Family House,The Usual Suspects,Saving Mr Banks,Dr Giggles,1
"Braveheart, The Usual Suspects, Schindler's List, Toy Story:",Breakin' 2 Electric Boogaloo,Batman,When a Woman Ascends the Stairs,Webmaster,1
"Dances with Wolves, Schindler's List, Toy Story, Pulp Fiction:",Braveheart,The Legend of Hell House,A Detective Story,The Adventures of Sharkboy and Lavagirl 3-D,0
"The Fugitive, Schindler's List, Braveheart, The Mask:",The Real McCoy,Batman,Master and Commander The Far Side of the World,Supercop,1
"The Fugitive, Schindler's List, Fargo, Braveheart:",Dances with Wolves,Arachnophobia,The Good Son,Liam,0
"The Usual Suspects, Schindler's List, Braveheart, Dances with Wolves:",The Way of the Gun,Bully,Fiddler on the Roof,Batman,3
"Schindler's List, Pulp Fiction, The Fugitive, The Usual Suspects:",Braveheart,Planes,Lord of Illusions,2048 Nowhere to Run,0
"Braveheart, Dances with Wolves, Pulp Fiction, Schindler's List:",Tickling Giants,Shadow of the Vampire,The Usual Suspects,On the Town,2
"Batman, Independence Day, Forrest Gump, The Silence of the Lambs:",Skyline,Jurassic Park,Dragon Ball Z Broly - The Legendary Super Saiyan,One Fine Day,1
"Forrest Gump, Dances with Wolves, The Silence of the Lambs, Braveheart:",FLCL,Jupiter Ascending,Camp Rock,The Mask,3
"Braveheart, Jurassic Park, The Silence of the Lambs, Forrest Gump:",Blind Fury,Party Monster,Satin Rouge,The Fugitive,3
"Schindler's List, Braveheart, The Silence of the Lambs, Tombstone:",Orlando,Guilty of Romance,Forrest Gump,All the Real Girls,2
"Seven, Fargo, Schindler's List, Forrest Gump:",The Silence of the Lambs,The Bounty,The Out-of-Towners,Free to Play,0
"Schindler's List, Dances with Wolves, Braveheart, Forrest Gump:",Akira,Seven,The Onion Movie,Evil Dead,1
"Schindler's List, The Fugitive, Heat, Braveheart:",Wild Orchid,The Silence of the Lambs,Hello Ladies The Movie,Star Trek,1
"Willy Wonka & the Chocolate Factory, The Fugitive, Grumpier Old Men, So I Married an Axe Murderer:",Seven,Lovers & Leavers,Freaked,Let's Get Harry,0
"Batman, Independence Day, Jurassic Park, Forrest Gump:",Pleasantville,The Mask,To Catch a Thief,Microwave Massacre,1
"The Fugitive, Forrest Gump, Fargo, The Three Musketeers:",Piranha 3DD,Er ist wieder da,Raging Bull,Independence Day,3
"Schindler's List, Braveheart, The Mask, Pinocchio:",Batman,Dances with Wolves,Macbeth,Catch 44,1
"Braveheart, The Mask, The Fugitive, Batman:",Club Dread,George Washington,Schindler's List,Once Upon a Time in America,2
"Braveheart, The Fugitive, Fargo, Dances with Wolves:",Mars Attacks!,Mr Jealousy,The Element of Crime,Schindler's List,3
"Jurassic Park, Independence Day, Forrest Gump, Batman:",The Firm,Roger Dodger,"Innocent Man, An",The Silence of the Lambs,3
"The Mask, The Silence of the Lambs, Dumb & Dumber, Jurassic Park:",Gerry,Martin,Nico Icon,Schindler's List,3
"Twister, The Silence of the Lambs, Independence Day, Braveheart:","They Shoot Horses, Don't They",Forrest Gump,The Salton Sea,Extreme Days,1
"Tombstone, Seven, Jurassic Park, Schindler's List:","Officer and a Gentleman, An",Sex and the City 2,Dumb & Dumber,Bicycle Thieves,2
"Forrest Gump, The Silence of the Lambs, Seven, Fargo:",Gandhi,Schindler's List,Dogfight,Repo Man,1
"Jurassic Park, The Silence of the Lambs, Dances with Wolves, Seven:",Forrest Gump,Righteous Kill,Cheech and Chong's Up in Smoke,Blood The Last Vampire,0
"The Silence of the Lambs, Schindler's List, Desperado, Jurassic Park:",Frozen River,Gothika,Spy Game,Dances with Wolves,3
"The Fugitive, Willy Wonka & the Chocolate Factory, So I Married an Axe Murderer, Batman:",Seven,Meet the Spartans,Leprechaun 4 In Space,Harlem Nights,0
"Forrest Gump, Independence Day, The Mask, Jurassic Park:",Hulk,Batman,Footloose,The Void,1
"Independence Day, Fargo, Forrest Gump, Heat:",Mike's New Car,The Silence of the Lambs,Pusher,Mrs Dalloway,1
"Batman, Forrest Gump, Jurassic Park, Independence Day:",The Silence of the Lambs,Deadly Outlaw Rekka,The Discreet Charm of the Bourgeoisie,Teenage Mutant Ninja Turtles Out of the Shadows,0
"Forrest Gump, The Silence of the Lambs, The Fugitive, Jurassic Park:",The Burrowers,Children of the Corn III,Hood of Horror,Braveheart,3
"Dumb & Dumber, Jurassic Park, Schindler's List, Forrest Gump:",The Counterfeiters,Gone with the Wind,Braveheart,Pitfall,2
"Schindler's List, Jurassic Park, The Silence of the Lambs, Forrest Gump:",Batman,Alien Resurrection,A Tale of Two Cities,The Quiet American,0
"Braveheart, Forrest Gump, The Silence of the Lambs, The Fugitive:",Cannibal Holocaust,Seven,Bride & Prejudice,Night at the Museum Secret of the Tomb,1
"Braveheart, Forrest Gump, The Silence of the Lambs, Independence Day:",Mogambo,Jurassic Park,Dorian Gray,"Play It Again, Sam",1
"Heat, Independence Day, Braveheart, Forrest Gump:",The Silence of the Lambs,Sandy Wexler,The Dictator,Nutty Professor II The Klumps,0
"Heat, The Fugitive, Forrest Gump, The Silence of the Lambs:",Death Race 2,Cannonball Run II,Independence Day,Slumber Party Massacre II,2
"Jurassic Park, Dances with Wolves, The Silence of the Lambs, Seven:",Love and Other Disasters,Tigerland,Braveheart,"I Love You, Man",2
"Jurassic Park, The Silence of the Lambs, Schindler's List, Braveheart:",A Hard Day's Night,Showtime,Forrest Gump,Eddie the Eagle,2
"Forrest Gump, The Silence of the Lambs, Fargo, Seven:",Schindler's List,The Diary of Anne Frank,Cleanskin,Boy,0
"Braveheart, Schindler's List, The Silence of the Lambs, Jurassic Park:",Independence Day,Broken,Toy Story 2,Men of Honor,0
"Forrest Gump, The Fugitive, Independence Day, Fargo:",Comic-Con Episode IV A Fan's Hope,Harley Davidson and the Marlboro Man,Heat,Scratch,2
"The Silence of the Lambs, Forrest Gump, Batman, The Usual Suspects:",Doctor Who Voyage Of The Damned,Jurassic Park,28 Up,Golmaal,1
"Star Wars Episode VI - Return of the Jedi, The Silence of the Lambs, Forrest Gump, Jurassic Park:",Beethoven,Mission Impossible,Hairspray,Shampoo,1
"Forrest Gump, Star Wars Episode VI - Return of the Jedi, Back to the Future, Independence Day:","The Goods Live Hard, Sell Hard",American Beauty,Jonah Hex,Captain America,1
"The Usual Suspects, Star Wars Episode IV - A New Hope, The Silence of the Lambs, Forrest Gump:",And God Created Woman,Apocalypse Now,Obsession,Penny Serenade,1
"The Terminator, The Silence of the Lambs, Batman, Independence Day:",Up in the Air,Trailer Park Boys,Jurassic Park,Two Mules for Sister Sara,2
"Independence Day, Back to the Future, Star Wars Episode VI - Return of the Jedi, Toy Story:",LA Confidential,Too Many Cooks,Rocky Balboa,Max Keeble's Big Move,0
"LA Confidential, Star Wars Episode IV - A New Hope, Mission Impossible, Austin Powers International Man of Mystery:",Once Were Warriors,Dogfight,New Waterford Girl,Superman,3
"X-Men, Planet of the Apes, Forrest Gump, Independence Day:",The Terminator,Remember Me,Train to Busan,Fast & Furious,0
"Forrest Gump, The Silence of the Lambs, The Usual Suspects, The Blues Brothers:",From Hell,The Insider,Independence Day,Bride of Chucky,2
"Mission Impossible, Austin Powers International Man of Mystery, The Silence of the Lambs, Star Wars Episode V - The Empire Strikes Back:",Insomnia,American Beauty,Above the Rim,The Family Man,1
"American Beauty, Austin Powers International Man of Mystery, Star Wars Episode V - The Empire Strikes Back, Mission Impossible:",Dragon Ball The Curse Of The Blood Rubies,Moonlight Mile,Hollywood Homicide,Star Wars Episode IV - A New Hope,3
"Independence Day, The Silence of the Lambs, Batman, Jurassic Park:",Forrest Gump,American Flyers,Shadows and Fog,Thunderbirds,0
"Batman, The Silence of the Lambs, Jurassic Park, Independence Day:",The Sessions,The Girl Who Kicked the Hornet's Nest,Forrest Gump,Before Night Falls,2
"Batman, Jurassic Park, The Silence of the Lambs, Forrest Gump:",The Usual Suspects,Playing the Victim,The OA,"Kiss Me, Guido",0
"Forrest Gump, The Silence of the Lambs, Mission Impossible, Jurassic Park:",Joe Somebody,Dogfight,Independence Day,Twin Peaks Fire Walk with Me,2
"The Terminator, Star Wars Episode VI - Return of the Jedi, Forrest Gump, Star Wars Episode IV - A New Hope:",Independence Day,The Human Condition III,The Lifeguard,Secretary,0
"American Beauty, Star Wars Episode IV - A New Hope, Star Wars Episode V - The Empire Strikes Back, Forrest Gump:",Cargo,Neon Bull,Jeffrey,The Silence of the Lambs,3
"Jurassic Park, The Silence of the Lambs, Batman, American Beauty:",Night of the Living Dead,Forrest Gump,Ghost Ship,Revenge for Jolly!,1
"Rocky, Star Wars Episode IV - A New Hope, Toy Story, The Terminator:",Dracula Dead and Loving It,Independence Day,The Extraordinary Adventures of Adèle Blanc-Sec,The American President,1
"Star Wars Episode IV - A New Hope, Superman, The Terminator, American Beauty:",Opera,Austin Powers International Man of Mystery,Highlander The Search for Vengeance,Supergirl,1
"The Terminator, Toy Story, Jurassic Park, Independence Day:",Forrest Gump,Trapped in Paradise,Disturbia,Gremlins 2 The New Batch,0
"The Blues Brothers, The Usual Suspects, Forrest Gump, The Silence of the Lambs:",Independence Day,A Place in the Sun,Son in Law,Hot Tub Time Machine,0
"Batman, The Usual Suspects, The Silence of the Lambs, Jurassic Park:",The End of the Tour,Forrest Gump,"Lust, Caution",Shelter,1
"Star Wars Episode VI - Return of the Jedi, Jurassic Park, Independence Day, The Silence of the Lambs:",Let It Ride,"Bobby Jones, Stroke of Genius",Forrest Gump,My Own Private Idaho,2
"Jurassic Park, Mission Impossible, The Silence of the Lambs, Forrest Gump:",Indignation,Star Wars Episode VI - Return of the Jedi,You'll Never Get Rich,Amazon Women on the Moon,1
"Jurassic Park, Forrest Gump, Independence Day, Mission Impossible:",The Godfather Trilogy 1972-1990,Star Wars Episode VI - Return of the Jedi,Halloween II,Alice Through the Looking Glass,1
"Independence Day, Star Wars Episode V - The Empire Strikes Back, American Beauty, Star Wars Episode VI - Return of the Jedi:",Frankenweenie,Ivan Vasilievich Back to the Future,We Bought a Zoo,Star Wars Episode IV - A New Hope,3
"Forrest Gump, Star Wars Episode IV - A New Hope, Back to the Future, Star Wars Episode VI - Return of the Jedi:",The Apple,Independence Day,Boiling Point,Car Wash,1
"American Beauty, Back to the Future, Star Wars Episode IV - A New Hope, Star Wars Episode V - The Empire Strikes Back:",Jon Stewart Has Left the Building,Hud,The Mummy Tomb of the Dragon Emperor,The Terminator,3
"Star Wars Episode IV - A New Hope, Independence Day, Star Wars Episode VI - Return of the Jedi, Forrest Gump:",The Terminator,The International,Jeffrey,Shoot 'Em Up,0
"American Beauty, Forrest Gump, The Usual Suspects, The Silence of the Lambs:",Kong Skull Island,Star Wars Episode IV - A New Hope,Three Men and a Little Lady,Scream,1
"Star Wars Episode IV - A New Hope, Forrest Gump, The Silence of the Lambs, The Usual Suspects:",Tideland,LEGO DC Super Hero Girls Brain Drain,Asterix at the Olympic Games,Apocalypse Now,3
"Jurassic Park, The Silence of the Lambs, Forrest Gump, Star Wars Episode IV - A New Hope:",Venus in Fur,Dummy,Back to the Future,The Rink,2
"American Beauty, The Terminator, Toy Story, Star Wars Episode V - The Empire Strikes Back:",Wild Wild West,Dirty Pretty Things,Logan Lucky,Batman,3
"Batman, The Terminator, Star Wars Episode VI - Return of the Jedi, Star Wars Episode IV - A New Hope:",Haywire,Star Wars Episode V - The Empire Strikes Back,Our Town,Intolerable Cruelty,1
"Mission Impossible, Back to the Future, Star Wars Episode VI - Return of the Jedi, X-Men:",My Neighbor Totoro,Hang 'Em High,They Came Together,Toy Story,3
"Star Wars Episode V - The Empire Strikes Back, Mission Impossible, Back to the Future, X-Men:",Stay Tuned,Star Wars Episode IV - A New Hope,Agora,The Forgotten Space,1
"The Terminator, Star Wars Episode V - The Empire Strikes Back, Batman, Mission Impossible:",The Ridiculous 6,Shadows and Fog,Star Wars Episode IV - A New Hope,Akira Kurosawa's Dreams,2
"Braveheart, The Silence of the Lambs, Jurassic Park, Forrest Gump:",Black Panther,The Fugitive,Outrageous Fortune,Yogi Bear,1
"Dances with Wolves, Dumb & Dumber, Seven, Braveheart:",Sunset Blvd,Pulp Fiction,Children of the Corn II The Final Sacrifice,The Great Yokai War,1
"The Silence of the Lambs, Schindler's List, The Usual Suspects, Seven:",Blame It on the Bellboy,Forrest Gump,Barcelona,Frank,1
"The Big Lebowski, Star Wars Episode VI - Return of the Jedi, The Terminator, Star Wars Episode IV - A New Hope:",OT Our Town,Hocus Pocus,Seven,Lovely & Amazing,2
"Forrest Gump, Star Wars Episode VI - Return of the Jedi, Back to the Future, The Matrix:",Out of the Past,Sleeping with the Enemy,Independence Day,Ghost in the Shell Arise - Border 2 Ghost Whispers,2
"Reservoir Dogs, Goodfellas, The Usual Suspects, A Clockwork Orange:",London,The Big Chill,Casablanca,Pulp Fiction,3
"Saving Private Ryan, Pulp Fiction, The Matrix, The Green Mile:",Music From Another Room,Hotel Transylvania 2,The 400 Blows,Raiders of the Lost Ark,3
"Saving Private Ryan, Raiders of the Lost Ark, The Matrix, Star Wars Episode IV - A New Hope:",Schindler's List,Juice,Furious 7,Gone Baby Gone,0
"Back to the Future, Raiders of the Lost Ark, The Matrix, The Terminator:","What's Up, Tiger Lily",Cave of Forgotten Dreams,Batman,Quatermass and the Pit,2
"Raiders of the Lost Ark, Forrest Gump, The Matrix, Pulp Fiction:",The Remains of the Day,Independence Day,Our Idiot Brother,Zelary,1
"Back to the Future Part III, Seven, Star Wars Episode VI - Return of the Jedi, LA Confidential:",Wild Things,Polytechnique,Marvel One-Shot Agent Carter,Wicked City,0
"The Terminator, Wayne's World, Star Wars Episode V - The Empire Strikes Back, Indiana Jones and the Temple of Doom:",Nixon,The Pink Panther,The Pawnbroker,Raiders of the Lost Ark,3
"A Clockwork Orange, The Usual Suspects, Monty Python's Life of Brian, Lock, Stock & Two Smoking Barrels:",The Last King of Scotland,Hot Shots! Part Deux,Daddy Day Camp,Citizen Kane,3
"Independence Day, The Silence of the Lambs, Indiana Jones and the Temple of Doom, Fargo:",Care Bears Movie II A New Generation,Noises Off,The Fugitive,Lights Out,2
"Gladiator, Raiders of the Lost Ark, Schindler's List, Saving Private Ryan:",The Matrix,Scorpio,"Oh, Hello On Broadway",The Prophecy,0
"Monty Python and the Holy Grail, The Silence of the Lambs, Star Wars Episode V - The Empire Strikes Back, Star Wars Episode IV - A New Hope:",Child's Play 3,Some Kind of Wonderful,Goodfellas,Chocolat,2
"Goodfellas, The Big Lebowski, Raiders of the Lost Ark, The Silence of the Lambs:",Doctor Dolittle,Pi,House Party 3,Star Wars Episode IV - A New Hope,3
"The Fugitive, Monty Python and the Holy Grail, Goodfellas, Star Wars Episode IV - A New Hope:","I, Robot",Cookie's Fortune,Being John Malkovich,Behind Enemy Lines,2
"Indiana Jones and the Last Crusade, Being John Malkovich, The Fugitive, Star Wars Episode V - The Empire Strikes Back:",Paycheck,Ghost Graduation,Raiders of the Lost Ark,Late Night Shopping,2
"Mission Impossible, Raiders of the Lost Ark, Star Wars Episode V - The Empire Strikes Back, Indiana Jones and the Last Crusade:","What's Up, Doc",Star Wars Episode IV - A New Hope,Being There,Stagecoach,1
"Men in Black, Raiders of the Lost Ark, The Fugitive, Fargo:",The Rebound,Armour of God,The Silence of the Lambs,The Abominable Dr Phibes,2
"Terminator 2 Judgment Day, Schindler's List, The Lion King, The Shawshank Redemption:",The Do-Over,Tomboy,Aladdin,A Fistful of Dollars,2
"Braveheart, Dances with Wolves, Apollo 13, Batman:",Conquest of the Planet of the Apes,The Garden of Words,Terminator 2 Judgment Day,Batman Mystery of the Batwoman,2
"The Fugitive, The Shawshank Redemption, Beauty and the Beast, Schindler's List:",The Lion King,Urban Cowboy,Space Truckers,Universal Soldier Day of Reckoning,0
"The Mask, In the Line of Fire, Interview with the Vampire The Vampire Chronicles, Batman:",Infernal Affairs,Paul,The Art of War,Aladdin,3
"Snow White and the Seven Dwarfs, The Secret Garden, Beauty and the Beast, The Lion King:",The Thing,Pinocchio,Nymphomaniac Volume I,Lights in the Dusk,1
"The Mask, Aladdin, The Lion King, Pretty Woman:",Ordinary Miracle,"Three Billboards Outside Ebbing, Missouri",In the Mood For Love,Batman,3
"Braveheart, The Fugitive, The Mask, Schindler's List:",Interstate 60,Primary Colors,Careful What You Wish For,The Shawshank Redemption,3
"Clear and Present Danger, In the Line of Fire, The Fugitive, Braveheart:",Three to Tango,Choke,"Angel at My Table, An",The Shawshank Redemption,3
"Pretty Woman, Schindler's List, The Shawshank Redemption, Apollo 13:",In July,Black Snake Moan,Dances with Wolves,Heartbreaker,2
"Schindler's List, The Shawshank Redemption, Terminator 2 Judgment Day, The Lion King:",The Red Turtle,Tarzan,Nothing But Trouble,Aladdin,3
"Dances with Wolves, The Shawshank Redemption, Apollo 13, Schindler's List:",Braveheart,Popeye,House II The Second Story,In China They Eat Dogs,0
"Aladdin, Fargo, Schindler's List, Braveheart:",The Fugitive,End of Watch,Live Free or Die Hard,Eddie Murphy Raw,0
"Aladdin, The Lion King, Terminator 2 Judgment Day, Batman:",The Mummy,Narc,Fright Night,Pretty Woman,3
"Babe, The Secret Garden, The Lion King, Pinocchio:",The Hairdresser's Husband,Snow White and the Seven Dwarfs,Things You Can Tell Just by Looking at Her,Princess Caraboo,1
"Aladdin, Terminator 2 Judgment Day, Batman, The Mask:",WarGames,King Kong,Foreign Correspondent,Pretty Woman,3
"Schindler's List, Apollo 13, The Shawshank Redemption, Pretty Woman:",Goal! The Dream Begins,The Break-Up,Sherlock Holmes The Woman in Green,Braveheart,3
"Apollo 13, Batman, Dances with Wolves, Braveheart:",Schindler's List,Crimes and Misdemeanors,King Kong,Gorillas in the Mist,0
"Dances with Wolves, The Lion King, The Fugitive, The Shawshank Redemption:",Schindler's List,Day for Night,Man of the House,The Neon Demon,0
"Batman, Interview with the Vampire The Vampire Chronicles, The Mask, Pretty Woman:",Bright,Babe,Unicorn City,Zoom,1
"Terminator 2 Judgment Day, The Fugitive, The Shawshank Redemption, Dead Man Walking:","Walk, Don't Run",Shaun the Sheep Movie,Rocky IV,Braveheart,3
"The Shawshank Redemption, Braveheart, Apollo 13, Schindler's List:",Cell 211,Jarhead,Boys Town,Dances with Wolves,3
"Schindler's List, The Shawshank Redemption, Terminator 2 Judgment Day, Aladdin:",The Double Life of Veronique,Bridget Jones's Diary,The Lion King,Cujo,2
"Schindler's List, The Shawshank Redemption, Terminator 2 Judgment Day, Dances with Wolves:",Braveheart,800 Bullets,DOA,Reindeer Games,0
"Pretty Woman, Aladdin, The Lion King, Batman:",Terminator 2 Judgment Day,"Everlasting Piece, An",Cloverfield,The Last Temptation of Christ,0
"The Shawshank Redemption, Pretty Woman, Braveheart, Clueless:",The Beat That My Heart Skipped,Pulp Fiction,Crash,The Private Life of Sherlock Holmes,1
"Batman, Pulp Fiction, Apollo 13, Schindler's List:",The Last Kiss,Europa,Braveheart,Rise of the Planet of the Apes,2
"The Lion King, The Fugitive, Schindler's List, The Shawshank Redemption:",The Art of the Steal,Pulp Fiction,Battlestar Galactica The Plan,Breakin' All the Rules,1
"Batman, The Mask, The Fugitive, Pretty Woman:",The Front Page,Maelstrom,The Lion King,Lamerica,2
"The Lion King, Pretty Woman, Pulp Fiction, Batman:",Sex and the City 2,Under the Sand,The Mask,National Lampoon's Senior Trip,2
"Interview with the Vampire The Vampire Chronicles, The Shawshank Redemption, The Fugitive, The Usual Suspects:",Pulp Fiction,The Devil's Own,Love and Other Catastrophes,"Mesrine Public Enemy #1",0
"Interview with the Vampire The Vampire Chronicles, The Lion King, Braveheart, The Shawshank Redemption:",Dances with Wolves,The Killer Shrews,Uptown Girls,The Den,0
"Apollo 13, Schindler's List, Pretty Woman, Braveheart:",The Fly,Metropia,"Ciao, Professore!",Dances with Wolves,3
"Apollo 13, Batman, Schindler's List, Braveheart:",Tyler Perry's Daddy's Little Girls,Titanic,The Shawshank Redemption,Adanggaman,2
"The Lion King, Dances with Wolves, Braveheart, Schindler's List:",Pickup on South Street,Poltergeist III,Crush,The Shawshank Redemption,3
"The Fugitive, Interview with the Vampire The Vampire Chronicles, The Mask, The Lion King:",Babe,The House,Saving Santa,Experimenter,0
"The Shawshank Redemption, Clueless, Pulp Fiction, Dances with Wolves:",Let Me In,Schindler's List,The Last Castle,The Treasure of the Sierra Madre,1
"Dances with Wolves, Pulp Fiction, Apollo 13, Schindler's List:",Pokémon Heroes,The Usual Suspects,Mars Needs Moms,Samurai Rebellion,1
"The Usual Suspects, Braveheart, Dances with Wolves, Pulp Fiction:",Shake Hands with the Devil,Fanny and Alexander,The Fugitive,Robin Hood,2
"Batman, The Mask, The Lion King, Pretty Woman:",Los Angeles Plays Itself,Gintama The Final Chapter - Be Forever Yorozuya,Doctor Who Last Christmas,The Fugitive,3
"Pretty Woman, The Mask, Pulp Fiction, The Lion King:",The Eyes of Tammy Faye,Hollywoodland,Snow White and the Huntsman,Batman,3
"The Usual Suspects, Interview with the Vampire The Vampire Chronicles, The Shawshank Redemption, Pulp Fiction:",Toy Soldiers,The Fugitive,The Wasp Woman,Baxter,1
"Pulp Fiction, Schindler's List, Apollo 13, Dances with Wolves:",Iron Eagle IV,The Shawshank Redemption,Knockin' on Heaven's Door,Aguirre The Wrath of God,1
"Dances with Wolves, Pulp Fiction, Schindler's List, The Shawshank Redemption:",Sound of the Mountain,Braveheart,Ruby Red,Candleshoe,1
"The Usual Suspects, Braveheart, Pulp Fiction, Schindler's List:",The Cabinet of Dr Caligari,The Shawshank Redemption,Spider-Man 2,Taxi,1
"Dead Man Walking, Terminator 2 Judgment Day, The Shawshank Redemption, The Fugitive:",King of New York,Field of Dreams,The General,Braveheart,3
"The Shawshank Redemption, Apollo 13, Terminator 2 Judgment Day, Dead Man Walking:",Frankenstein Unbound,Jon Stewart Has Left the Building,Clear and Present Danger,Little Giants,2
"Dead Man Walking, Terminator 2 Judgment Day, The Fugitive, Braveheart:",The Shawshank Redemption,Private Benjamin,Star Wars Episode III - Revenge of the Sith,Session 9,0
"The Fugitive, Braveheart, The Shawshank Redemption, Terminator 2 Judgment Day:",Dead Man Walking,World's Greatest Dad,The Bad and the Beautiful,Hood of Horror,0
"Braveheart, Apollo 13, The Shawshank Redemption, Pulp Fiction:",A Boy and His Dog,Dances with Wolves,Dragonheart,Scary Movie 2,1
"Schindler's List, Braveheart, Pulp Fiction, Dances with Wolves:",Claire's Knee,28 Days,The Shawshank Redemption,To Have and Have Not,2
"Braveheart, Pretty Woman, Schindler's List, Apollo 13:",Bad Taste,My Big Fat Greek Wedding 2,The Santa Clause 2,Dances with Wolves,3
"Braveheart, Pretty Woman, Apollo 13, Dances with Wolves:",Batman Assault on Arkham,The Shawshank Redemption,Pokémon Heroes,The Flamingo Kid,1
"Apollo 13, The Shawshank Redemption, Dances with Wolves, Braveheart:",Monster House,Schindler's List,A Guy Thing,Peter Pan,1
"Apollo 13, Pulp Fiction, Pretty Woman, Braveheart:",In Good Company,A Summer's Tale,Phenomena,The Shawshank Redemption,3
"Dances with Wolves, Apollo 13, Schindler's List, The Shawshank Redemption:",Pulp Fiction,Rude Boy,American Psycho II All American Girl,Wadjda,0
"The Shawshank Redemption, Pulp Fiction, Dances with Wolves, Schindler's List:",The Way South,Er ist wieder da,Braveheart,Miss Nobody,2
"Dances with Wolves, Pulp Fiction, Braveheart, Apollo 13:",Schindler's List,Brief Encounter,A Perfect Plan,The Onion Movie,0
"Dances with Wolves, Braveheart, Schindler's List, Pulp Fiction:",The Son's Room,The Shawshank Redemption,Psycho,The Way South,1
"Braveheart, Pulp Fiction, Schindler's List, Dances with Wolves:",City Lights,The Shawshank Redemption,The Man with the Iron Fists,Picture Bride,1
"Terminator 2 Judgment Day, Aladdin, The Shawshank Redemption, The Lion King:",Iron Man & Hulk Heroes United,Schindler's List,Sherlock Jr,Lilya 4-Ever,1
"The Shawshank Redemption, Schindler's List, Aladdin, Terminator 2 Judgment Day:",Wolf Children,The Missing,Jackass 3D,The Lion King,3
"The Shawshank Redemption, Schindler's List, Terminator 2 Judgment Day, Aladdin:",Nina's Heavenly Delights,American Pie Presents The Book of Love,The Recruit,The Lion King,3
"Terminator 2 Judgment Day, Pulp Fiction, Aladdin, The Lion King:",Hawks and Sparrows,The Scent of Green Papaya,Schindler's List,Le Maître d'école,2
"The Usual Suspects, Schindler's List, Fargo, The Shawshank Redemption:",With a Friend Like Harry,Crash,The Stepford Wives,Pulp Fiction,3
"Fargo, Schindler's List, The Usual Suspects, Pulp Fiction:",The Shawshank Redemption,The Sandpiper,Material Girls,Life as We Know It,0
"The Usual Suspects, Dances with Wolves, The Shawshank Redemption, Toy Story:",Bad Boys II,Game 6,Schindler's List,Mutiny on the Bounty,2
"Apollo 13, The Shawshank Redemption, Braveheart, Dances with Wolves:",Beneath the Planet of the Apes,Tokyo Decadence,Batman,I Sell the Dead,2
"Schindler's List, The Shawshank Redemption, Dances with Wolves, Braveheart:",Killing Zoe,Apollo 13,The 40-Year-Old Virgin,The Navigator,1
"Apollo 13, Schindler's List, Batman, Terminator 2 Judgment Day:",The Shawshank Redemption,Pineapple Express,Neighbors,Paranormal Activity 4,0
"Dances with Wolves, Terminator 2 Judgment Day, The Shawshank Redemption, Braveheart:",The Hunting Party,Schindler's List,Baraka,Reality Bites,1
"Braveheart, Apollo 13, Schindler's List, Pulp Fiction:",Ruby Sparks,"The Last Klezmer Leopold Kozlowski, His Life and Music",Circus,Dances with Wolves,3
"Braveheart, Pulp Fiction, Schindler's List, The Usual Suspects:",Kazaam,Eichmann,Children of the Night,Apollo 13,3
"Schindler's List, Pulp Fiction, Braveheart, The Usual Suspects:",12 Angry Men,Mo' Better Blues,Mindhunters,The Shawshank Redemption,3
"Pulp Fiction, The Shawshank Redemption, Schindler's List, Dances with Wolves:",Easter Parade,Captain America The First Avenger,Braveheart,Manic,2
"The Shawshank Redemption, Pulp Fiction, Schindler's List, Braveheart:",The Bank Job,Robot Carnival,Dances with Wolves,The Family Stone,2
"Dances with Wolves, The Usual Suspects, Toy Story, Braveheart:",Ashby,Groove,The Dinner Game,Schindler's List,3
"The Lion King, Toy Story, The Fugitive, Aladdin:",Experimenter,Highway 61,Terminator 2 Judgment Day,Short Circuit 2,2
"The Lion King, Pulp Fiction, Terminator 2 Judgment Day, Aladdin:",Toy Story,Drowning Mona,Stage Beauty,Mrs Miniver,0
"The Shawshank Redemption, The Usual Suspects, Pulp Fiction, Fargo:",Damage,Pie in the Sky,The Fugitive,A Plasticine Crow,2
"The Lion King, Schindler's List, Braveheart, Dances with Wolves:",Serpico,The Shawshank Redemption,Cop Land,Song of the Thin Man,1
"Terminator 2 Judgment Day, Dead Man Walking, Braveheart, The Shawshank Redemption:",The Fugitive,Music and Lyrics,Deuce Bigalow Male Gigolo,Louis CK Oh My God,0
"The Lion King, Terminator 2 Judgment Day, Schindler's List, The Shawshank Redemption:",I'll Be Home For Christmas,Lilya 4-Ever,A Night in the Life of Jimmy Reardon,Aladdin,3
"Braveheart, Schindler's List, Terminator 2 Judgment Day, The Shawshank Redemption:",The Sacrament,Retroactive,Dances with Wolves,The Visitors,2
"Dances with Wolves, Aladdin, Braveheart, Dead Man Walking:",The Fugitive,Tristram Shandy A Cock and Bull Story,Barefoot in the Park,Dante's Inferno An Animated Epic,0
"Dances with Wolves, The Shawshank Redemption, Schindler's List, Pulp Fiction:",Braveheart,The Pretty One,Elsa & Fred,The Sound of Music,0
"Dances with Wolves, Pulp Fiction, Schindler's List, The Usual Suspects:",Braveheart,Boys on the Side,Bats,Suburban Commando,0
"The Fugitive, Braveheart, Schindler's List, The Lion King:",Mad City,The Scorpion King,The Shawshank Redemption,City of Men,2
"Dead Man Walking, Terminator 2 Judgment Day, Braveheart, The Shawshank Redemption:",The Family Man,The Burrowers,Judd Apatow The Return,The Fugitive,3
"Schindler's List, Dances with Wolves, Braveheart, The Shawshank Redemption:",Tie Xi Qu West of the Tracks,The Even Stevens Movie,Pulp Fiction,The Pink Panther 2,2
"Pulp Fiction, Dances with Wolves, Schindler's List, Braveheart:",Exte Hair Extensions,The Shawshank Redemption,Hot Lead and Cold Feet,The Man Who Shot Liberty Valance,1
"Pulp Fiction, The Shawshank Redemption, Aladdin, The Lion King:",Terminator 2 Judgment Day,The Next Three Days,Detachment,Ruby Sparks,0
"Pulp Fiction, The Usual Suspects, Schindler's List, Fargo:",Stoked The Rise and Fall of Gator,Surviving the Game,Look Who's Talking,The Shawshank Redemption,3
"Dances with Wolves, Toy Story, The Usual Suspects, Terminator 2 Judgment Day:",The Pelican Brief,Maps to the Stars,Schindler's List,Luxo Jr,2
"The Lion King, The Fugitive, Terminator 2 Judgment Day, Toy Story:",Black Mirror,Aladdin,Super Mario Bros,The Stunt Man,1
"Terminator 2 Judgment Day, Aladdin, Pulp Fiction, The Lion King:",Across the Hall,Fred Armisen Standup for Drummers,When the Levees Broke A Requiem in Four Acts,Toy Story,3
"The Usual Suspects, Fargo, The Shawshank Redemption, Pulp Fiction:",The Fugitive,The Man in the Moon,Friday the 13th Part IV The Final Chapter,Big Top Scooby-Doo!,0
"Terminator 2 Judgment Day, The Lion King, Batman, Aladdin:",Killing Me Softly,A King in New York,The Proposition,Pretty Woman,3
"The Mask, The Lion King, Pretty Woman, The Fugitive:",Saving Santa,Underworld,Batman,Bicentennial Man,2
"Interview with the Vampire The Vampire Chronicles, The Mask, The Lion King, Babe:","Big Mommas Like Father, Like Son",Sweet Smell of Success,In the Line of Fire,Faces of Death,2
"Batman, Terminator 2 Judgment Day, The Lion King, Aladdin:",De-Lovely,Wrong,Deepwater Horizon,The Mask,3
"The Mask, Batman, Pretty Woman, The Fugitive:",Babe,What We Do in the Shadows,Game of Death,Eastern Promises,0
"The Fugitive, Terminator 2 Judgment Day, Aladdin, Toy Story:",The Edge of Love,Untitled Spider-Man Reboot,The Lion King,Daddy Day Camp,2
"Toy Story, Terminator 2 Judgment Day, Aladdin, The Mask:",The Spiderwick Chronicles,Wag the Dog,Pretty Woman,The Lincoln Lawyer,2
"Aladdin, Snow White and the Seven Dwarfs, Babe, Pinocchio:",Valentine's Day,The Double,The Secret Garden,All Is Lost,2
"Batman, The Lion King, Pretty Woman, Terminator 2 Judgment Day:",Drag Me to Hell,The Old Man and the Sea,The Mask,'night Mother,2
"The Mask, Aladdin, The Lion King, Pretty Woman:",Batman,The Deadly Bees,Hot Girls Wanted,Mermaids,0
"Batman, The Mask, Pretty Woman, The Lion King:",Tape,Cry_Wolf,Pulp Fiction,Without a Paddle,2
"Aladdin, Toy Story, The Lion King, Pulp Fiction:",Being Elmo A Puppeteer's Journey,Far From Home The Adventures of Yellow Dog,Terminator 2 Judgment Day,RoboGeisha,2
"Toy Story, The Mask, Batman, The Lion King:",Exit Wounds,Punch-Drunk Love,Seeking Justice,Pretty Woman,3
"Interview with the Vampire The Vampire Chronicles, The Shawshank Redemption, Pulp Fiction, The Usual Suspects:",Caligula,Anger Management,The Fugitive,Mommy,2
"The Shawshank Redemption, Pulp Fiction, The Fugitive, Fargo:",Blitz,Only Lovers Left Alive,The Chase,The Usual Suspects,3
"True Lies, Apollo 13, Batman, The Silence of the Lambs:",Forrest Gump,Leviathan,Crossroads,Pat Garrett and Billy the Kid,0
"Apollo 13, Jurassic Park, Die Hard With a Vengeance, Forrest Gump:",Killer Movie,Stealth,The Last Man on Earth,True Lies,3
"Jurassic Park, Apollo 13, The Silence of the Lambs, Batman:",The Little Shop of Horrors,Prancer,Forrest Gump,Chuck & Buck,2
"Beauty and the Beast, Independence Day, Forrest Gump, Jurassic Park:",The Bag Man,The Silence of the Lambs,Extreme Measures,Kicking Off,1
"Aladdin, Die Hard With a Vengeance, Jurassic Park, Independence Day:",Roxanne,Things You Can Tell Just by Looking at Her,Batman,Celebrity,2
"Apollo 13, Jurassic Park, The Silence of the Lambs, Forrest Gump:",Somewhere,Batman,The Hot Chick,The Apartment,1
"The Silence of the Lambs, Forrest Gump, Die Hard With a Vengeance, Jurassic Park:",Shine,Banana Joe,Max Keeble's Big Move,Independence Day,3
"Apollo 13, The Silence of the Lambs, Jurassic Park, Batman:",Babes in Toyland,The Producers,Molly's Game,Independence Day,3
"The Usual Suspects, Seven Samurai, LA Confidential, Dr Strangelove or How I Learned to Stop Worrying and Love the Bomb:",Apocalypse Now,The Accidental Spy,"Follow Me, Boys!",Nutty Professor II The Klumps,0
"Star Wars Episode V - The Empire Strikes Back, The Lord of the Rings The Fellowship of the Ring, American Beauty, Forrest Gump:",Upside Down The Creation Records Story,The Adventures of Sherlock Holmes and Doctor Watson,Waking Life,The Lord of the Rings The Two Towers,3
"The Lord of the Rings The Fellowship of the Ring, The Sixth Sense, Star Wars Episode IV - A New Hope, Star Wars Episode V - The Empire Strikes Back:",Fullmetal Alchemist 2018,The Human Condition III,Two if by Sea,Spirited Away,3
"The Sixth Sense, Forrest Gump, Star Wars Episode IV - A New Hope, Star Wars Episode V - The Empire Strikes Back:",The Lord of the Rings The Fellowship of the Ring,Catch 44,Laura,The Real Blonde,0
"Star Wars Episode IV - A New Hope, The Sixth Sense, Spirited Away, The Silence of the Lambs:",Harold & Kumar Escape from Guantanamo Bay,They Live,The Lord of the Rings The Fellowship of the Ring,Just Go with It,2
"Star Wars Episode V - The Empire Strikes Back, The Usual Suspects, Star Wars Episode IV - A New Hope, The Lord of the Rings The Return of the King:",LA Confidential,PS I Love You,Boyz N the Hood,Let It Ride,0
"American Beauty, The Sixth Sense, Star Wars Episode V - The Empire Strikes Back, Star Wars Episode IV - A New Hope:",Death to Smoochy,The Artist,LA Confidential,"New York, I Love You",2
"Spirited Away, Seven Samurai, LA Confidential, Dr Strangelove or How I Learned to Stop Worrying and Love the Bomb:",The Usual Suspects,Return to the Blue Lagoon,Practical Magic,Scrooge,0
"The Sixth Sense, The Silence of the Lambs, The Lord of the Rings The Two Towers, Seven Samurai:",Star Wars Episode V - The Empire Strikes Back,Barney's Great Adventure,PowerRangers,It's Pat,0
"The Sixth Sense, Star Wars Episode V - The Empire Strikes Back, LA Confidential, Psycho:",The Fiendish Plot of Dr Fu Manchu,The Hurricane,Sex Drive,Star Wars Episode IV - A New Hope,3
"Back to the Future, The Lord of the Rings The Fellowship of the Ring, Star Wars Episode VI - Return of the Jedi, Forrest Gump:",The Silence of the Lambs,Making the Grade,The Boy and the Beast,Vicky Cristina Barcelona,0
"The Terminator, Toy Story, The Sixth Sense, Star Wars Episode VI - Return of the Jedi:",Indecent Proposal,Star Wars Episode V - The Empire Strikes Back,Gray's Anatomy,The Girl Next Door,1
"Star Wars Episode V - The Empire Strikes Back, Batman, Jurassic Park, Toy Story:",Ghostbusters II,The Internet's Own Boy The Story of Aaron Swartz,Only Old Men Are Going to Battle,Inhale,0
"Batman, Forrest Gump, Jurassic Park, The Usual Suspects:",Apollo 13,Battle Beyond the Stars,Great Balls of Fire!,The Atomic Submarine,0
"The Silence of the Lambs, Independence Day, Star Wars Episode VI - Return of the Jedi, Jurassic Park:",The Expendables,Blood Beach,Apollo 13,Stage Door,2
"Jurassic Park, Independence Day, The Silence of the Lambs, Forrest Gump:",Ted 2,Prom Night,Star Wars Episode VI - Return of the Jedi,The Wooden Horse,2
"Star Wars Episode IV - A New Hope, The Lord of the Rings The Fellowship of the Ring, The Sixth Sense, Star Wars Episode V - The Empire Strikes Back:",The Lord of the Rings The Two Towers,The Adventures of Sherlock Holmes and Doctor Watson King of Blackmailers,Quiz Show,The Fugitive,0
"Back to the Future, Spirited Away, The Sixth Sense, The Terminator:",The English Patient,The Expendables,Iron Eagle II,The Lord of the Rings The Two Towers,3
"Star Wars Episode V - The Empire Strikes Back, Back to the Future, The Terminator, The Lord of the Rings The Two Towers:",Mission Impossible III,Vanya on 42nd Street,Hostel,Forrest Gump,3
"Star Wars Episode VI - Return of the Jedi, The Sixth Sense, The Terminator, Star Wars Episode V - The Empire Strikes Back:",Maleficent,They,Back to the Future,Quest for Camelot,2
"Back to the Future, Star Wars Episode IV - A New Hope, Star Wars Episode VI - Return of the Jedi, Independence Day:",Be Cool,Just Visiting,Swept from the Sea,The Terminator,3
"American Beauty, Dr Strangelove or How I Learned to Stop Worrying and Love the Bomb, The Lord of the Rings The Two Towers, Seven Samurai:",Latter Days,Dirty Dancing Havana Nights,The Silence of the Lambs,The Devil and Daniel Johnston,2
"The Sixth Sense, The Lord of the Rings The Two Towers, The Usual Suspects, Forrest Gump:",Nothing to Declare,Crossfire,End of Days,Star Wars Episode IV - A New Hope,3
"Back to the Future, The Terminator, The Lord of the Rings The Return of the King, Star Wars Episode VI - Return of the Jedi:",Jack Whitehall At Large,With Six You Get Eggroll,Man of Aran,The Silence of the Lambs,3
"Star Wars Episode V - The Empire Strikes Back, The Sixth Sense, Back to the Future, The Terminator:",Family Guy Presents It's a Trap,Charlie and the Chocolate Factory,Futurama Bender's Game,Toy Story,3
"Independence Day, Star Wars Episode VI - Return of the Jedi, Star Wars Episode IV - A New Hope, Jurassic Park:",Dead Man,Back to the Future,The Dish,Unfinished Business,1
"Star Wars Episode IV - A New Hope, The Terminator, Back to the Future, Toy Story:",Gosford Park,Star Wars Episode VI - Return of the Jedi,Scott Pilgrim vs the World,Young Doctors in Love,1
"Star Wars Episode VI - Return of the Jedi, Star Wars Episode V - The Empire Strikes Back, Forrest Gump, Toy Story:",Triumph of the Will,Anastasia,Smooth Talk,Independence Day,3
"Star Wars Episode VI - Return of the Jedi, Back to the Future, Toy Story, The Terminator:",Europa,'night Mother,Star Wars Episode IV - A New Hope,Of Human Bondage,2
"Star Wars Episode IV - A New Hope, Psycho, LA Confidential, Mission Impossible:",Anchorman 2 The Legend Continues,Corpse Bride,2001 A Space Odyssey,The Nine Lives of Tomas Katz,2
"Minority Report, Shrek, Catch Me If You Can, Aladdin:","Monsters, Inc",Children of the Night,The Incredible Shrinking Man,Town & Country,0
"Aladdin, The Lion King, Frequency, The Little Mermaid:","Unreasonable Man, An",Sleuth,Gladiator,Instinct,2
"Catch Me If You Can, Shrek, Monsters, Inc, The Lion King:",Aladdin,Enter the Void,Contraband,No Small Affair,0
"Star Wars Episode VII - The Force Awakens, Inside Out, Pulp Fiction, Raiders of the Lost Ark:",Ernest Rides Again,Forrest Gump,The Proposal,Everything You Always Wanted to Know About Sex  But Were Afraid to Ask,1
"Up, Star Wars Episode IV - A New Hope, The Matrix, Inception:",Mr Wonderful,Raiders of the Lost Ark,Dr Horrible's Sing-Along Blog,Buddy,1
"The Matrix, Star Wars Episode V - The Empire Strikes Back, Star Wars Episode IV - A New Hope, Forrest Gump:",Pulp Fiction,Da geht noch was!,Hudson Hawk,The Brothers Grimm,0
"Léon The Professional, The Matrix, Forrest Gump, Pulp Fiction:",Romper Stomper,Fame,Up,The Browning Version,2
"Raiders of the Lost Ark, The Matrix, Léon The Professional, Star Wars Episode V - The Empire Strikes Back:",The Meyerowitz Stories,Saw,Star Wars Episode IV - A New Hope,Josie and the Pussycats,2
"Up, Star Wars Episode IV - A New Hope, Léon The Professional, Forrest Gump:",RIPD,The People vs Larry Flynt,The Twilight Saga Breaking Dawn - Part 1,Raiders of the Lost Ark,3
"Forrest Gump, The Matrix, Raiders of the Lost Ark, Inception:",Thirteen,Agent Cody Banks 2 Destination London,Pulp Fiction,Master and Commander The Far Side of the World,2
"Raiders of the Lost Ark, The Matrix, Star Wars Episode IV - A New Hope, Inception:",Attack of the Killer Tomatoes!,Up,Ernest Rides Again,White Christmas,1
"Star Wars Episode V - The Empire Strikes Back, Independence Day, Terminator 2 Judgment Day, Star Wars Episode VI - Return of the Jedi:",High School,Pushing Tin,"What Happened, Miss Simone",Back to the Future,3
"Star Wars Episode V - The Empire Strikes Back, The Matrix, Star Wars Episode VI - Return of the Jedi, The Terminator:",Back to the Future,Buried,Bogus,Last Man Standing,0
"Star Wars Episode VI - Return of the Jedi, Independence Day, Star Wars Episode IV - A New Hope, Star Wars Episode V - The Empire Strikes Back:",The Major and the Minor,Love & Human Remains,Newsies,Inception,3
"Forrest Gump, The Matrix, Pulp Fiction, Inception:",Like Crazy,Win Win,Morvern Callar,Independence Day,3
"The Matrix, Star Wars Episode VI - Return of the Jedi, Aladdin, Star Wars Episode IV - A New Hope:",Thinner,The Terminator,Team America World Police,Hands Off the Loot,1
"Minority Report, The Lion King, Shrek, Monsters, Inc:",Bloodsucking Bastards,Aladdin,Okja,First Reformed,1
"Interstellar, Monsters, Inc, Back to the Future, Inception:",My Fellow Americans,Shadow of the Vampire,Star Wars Episode VII - The Force Awakens,Psycho II,2
"Pulp Fiction, Forrest Gump, Inside Out, Edge of Tomorrow:",1984,"Good Night, and Good Luck",Kiss of the Dragon,District 9,3
"The Matrix, Up, Star Wars Episode IV - A New Hope, Inception:",Raiders of the Lost Ark,And Your Mother Too,Frida,Heavy Metal 2000,0
"Star Wars Episode VI - Return of the Jedi, Raiders of the Lost Ark, The Lion King, Groundhog Day:",Bringing Down the House,The Circus,Star Wars Episode IV - A New Hope,Maximum Risk,2
"The Lion King, Monsters, Inc, Catch Me If You Can, Minority Report:",Shrek,The Natural,Strike!,Gentlemen Broncos,0
"Independence Day, District 9, Total Recall, Raiders of the Lost Ark:",The Little Vampire,Drag Me to Hell,Forrest Gump,The Tin Drum,2
"Raiders of the Lost Ark, Up, Inception, The Matrix:",Star Wars Episode IV - A New Hope,Rebel Without a Cause,It's a Very Merry Muppet Christmas Movie,DOA,0
"A Beautiful Mind, Finding Nemo, The Shawshank Redemption, Shrek:",Thor Ragnarok,Cape Fear,Houseboat,"Monsters, Inc",3
"Pulp Fiction, Alien, Requiem for a Dream, Léon The Professional:",Blood and Wine,Dying of the Light,Spirited Away,"Affair to Remember, An",2
"Spirited Away, The Godfather, Requiem for a Dream, Léon The Professional:",War of the Worlds,Pulp Fiction,City by the Sea,Total Recall,1
"Pulp Fiction, Léon The Professional, Kill Bill Vol 2, Requiem for a Dream:",Pushing Hands,Mortal Kombat The Journey Begins,Sin Nombre,The Godfather,3
"Saving Private Ryan, Inception, Raiders of the Lost Ark, The Matrix:",The Emperor and the Assassin,Gladiator,Tin Cup,Alex and Emma,1
"Raiders of the Lost Ark, The Shawshank Redemption, Inception, Pulp Fiction:",Beyond the Poseidon Adventure,The Chorus,Forrest Gump,Scouts Guide to the Zombie Apocalypse,2
"The Matrix, The Shawshank Redemption, Pulp Fiction, Inception:",Zeus and Roxanne,Bella,Forrest Gump,The Devil Wears Prada,2
"The Matrix, Inception, Pulp Fiction, Forrest Gump:",Raiders of the Lost Ark,Changing Lanes,The Ewok Adventure,High Noon,0
"Pulp Fiction, Raiders of the Lost Ark, The Matrix, Inception:",Hector and the Search for Happiness,The Quiet American,The Shawshank Redemption,Falling Down,2
"Saving Private Ryan, Raiders of the Lost Ark, The Shawshank Redemption, The Matrix:",Swing Kids,UHF,Pulp Fiction,The BFG,2
"Inception, Pulp Fiction, Forrest Gump, Raiders of the Lost Ark:",Who's Afraid of Virginia Woolf,Fantastic Mr Fox,Clash of the Titans,Independence Day,3
"Raiders of the Lost Ark, The Matrix, Pulp Fiction, Saving Private Ryan:",Independence Day,Chairman of the Board,Killer Elite,In a Lonely Place,0
"The Fifth Element, Gladiator, Gattaca, The Matrix:",Birdman of Alcatraz,Raiders of the Lost Ark,Le Samouraï,Imagine That,1
"Inception, Inside Out, Edge of Tomorrow, Star Wars Episode VII - The Force Awakens:",Pulp Fiction,Dutch,Murder in the First,"Mystery, Alaska",0
"The Green Mile, The Matrix, Saving Private Ryan, Gladiator:",49 Up,Gattaca,Alex and Emma,The Terrorist,1
"Gladiator, Raiders of the Lost Ark, Inception, Saving Private Ryan:",Anna and the King,"Paris, Texas",The Matrix,The Parent Trap,2
"Raiders of the Lost Ark, The Matrix, Gattaca, Gladiator:",Swimming Pool,Maggie's Plan,The Fifth Element,For the Boys,2
"Minority Report, Total Recall, Inside Out, Forrest Gump:",Phenomena,Lilting,Catwoman,Edge of Tomorrow,3
"Saving Private Ryan, Raiders of the Lost Ark, The Matrix, Inception:",Gladiator,The Wraith,I'm Gonna Git You Sucka,The Lost Room,0
"Raiders of the Lost Ark, Schindler's List, Inception, The Lord of the Rings The Two Towers:",The Black Stallion Returns,The Brothers Grimm,WALL·E,"The Toxic Avenger, Part II",2
"Schindler's List, The Lord of the Rings The Two Towers, Star Wars Episode IV - A New Hope, The Matrix:",Raiders of the Lost Ark,Diabolique,Mischief,Suicide Club,0
"Star Wars Episode IV - A New Hope, Inception, Up, Raiders of the Lost Ark:",Giant,The Matrix,The Love Bug,I'll Be Home For Christmas,1
"Schindler's List, The Matrix, Inception, Up:",The Royal Tenenbaums,Anchorman 2 The Legend Continues,Boogie Nights,WALL·E,3
"The Lord of the Rings The Two Towers, The Lord of the Rings The Fellowship of the Ring, Star Wars Episode IV - A New Hope, The Matrix:",The Return,The Hidden Fortress,Schindler's List,The End of the Affair,2
"The Lord of the Rings The Two Towers, Raiders of the Lost Ark, The Lord of the Rings The Fellowship of the Ring, Inception:",Ladybugs,American Ultra,Saving Private Ryan,Siam Sunset,2
"Raiders of the Lost Ark, Star Wars Episode IV - A New Hope, Up, Inception:",Born in East LA,Titanica,Kissing Jessica Stein,The Matrix,3
"Gladiator, Saving Private Ryan, The Matrix, Inception:",Bad Boy Bubby,Raiders of the Lost Ark,Whatever Works,Porco Rosso,1
"Saving Private Ryan, Raiders of the Lost Ark, Inception, The Matrix:",Lady Bird,Fitzcarraldo,The Lord of the Rings The Two Towers,Ichi the Killer,2
"Star Wars Episode IV - A New Hope, Raiders of the Lost Ark, The Matrix, Inception:",Sabrina,Child's Play,Fun,Up,3
"Inception, Gladiator, The Matrix, Saving Private Ryan:",Robots,King of Comedy,Raiders of the Lost Ark,Won't You Be My Neighbor,2
"American History X, Requiem for a Dream, Raiders of the Lost Ark, The Sixth Sense:",Miss Meadows,Little Man,Goodfellas,You Can't Take It with You,2
"Seven, Star Wars Episode IV - A New Hope, Star Wars Episode V - The Empire Strikes Back, American Beauty:",Wadjda,Gray's Anatomy,Rear Window,The Shaggy DA,2
"Star Wars Episode V - The Empire Strikes Back, Star Wars Episode IV - A New Hope, The Dark Knight, Pulp Fiction:",PowerRangers,The Blair Witch Project,Breathless,Forrest Gump,3
"One Flew Over the Cuckoo's Nest, The Dark Knight, Forrest Gump, Memento:",Crime Busters,To End All Wars,The Shawshank Redemption,The Night of the Iguana,2
"Seven Samurai, Blade Runner, Rear Window, Goodfellas:",One Flew Over the Cuckoo's Nest,49 Up,Stitch! The Movie,To Catch a Thief,0
"Pulp Fiction, The Silence of the Lambs, Forrest Gump, Laputa Castle in the Sky:",Bone Tomahawk,The Brice Man,The Village,The Shawshank Redemption,3
"Inception, The Lord of the Rings The Return of the King, The Matrix, Raiders of the Lost Ark:",The Dark Knight,A Bucket Of Blood,Transformers Dark of the Moon,The Minus Man,0
"Requiem for a Dream, Goodfellas, Schindler's List, The Lord of the Rings The Return of the King:",The Twelve Tasks of Asterix,The Woods,Dead Again,Seven Samurai,3
"One Flew Over the Cuckoo's Nest, Star Wars Episode V - The Empire Strikes Back, Léon The Professional, Reservoir Dogs:",Thumbelina,Hereafter,The Thinning,Raiders of the Lost Ark,3
"Inception, Forrest Gump, Star Wars Episode IV - A New Hope, Toy Story 3:",Resident Evil Retribution,Star Wars Episode V - The Empire Strikes Back,Godzilla,Elysium,1
"Blade Runner, The Shawshank Redemption, Forrest Gump, Fight Club:",Seven Sisters,The Dark Knight,Mr Deeds Goes to Town,Pacific Rim,1
"One Flew Over the Cuckoo's Nest, Goodfellas, Rear Window, The Professional:",A Night to Remember,The Swan Princess,Kinsey,Léon The Professional,3
"The Princess Bride, The Shawshank Redemption, Raiders of the Lost Ark, The Matrix:",Black Mirror,"Power of Nightmares, The The Rise of the Politics of Fear",Pulp Fiction,Hope Springs,2
"Schindler's List, The Lord of the Rings The Two Towers, Inception, The Dark Knight:",Couples Retreat,Those Magnificent Men in Their Flying Machines,Star Wars Episode IV - A New Hope,Friday After Next,2
"Fight Club, Raiders of the Lost Ark, Blade Runner, Reservoir Dogs:",Madagascar 3 Europe's Most Wanted,Transamerica,The Sixth Sense,Moon,2
"Raiders of the Lost Ark, Star Wars Episode IV - A New Hope, Toy Story 3, Léon The Professional:",Stand Up Guys,Rosemary's Baby,Blade Runner,Before Midnight,2
"Forrest Gump, The Dark Knight, The Shawshank Redemption, Fight Club:",Bangkok Dangerous,Clown,Yogi Bear,Blade Runner,3
"Pulp Fiction, Full Metal Jacket, Goodfellas, Chinatown:",Snow White and the Huntsman,Caddyshack II,Seven Samurai,Charlie and the Chocolate Factory,2
"Pulp Fiction, The Dark Knight, The Silence of the Lambs, Forrest Gump:",The Da Vinci Code,Inception,Identity Thief,War for the Planet of the Apes,1
"Star Wars Episode IV - A New Hope, Schindler's List, Inception, The Matrix:",The Expendables 3,Twin Dragons,Breaking the Waves,The Lord of the Rings The Return of the King,3
"Blade Runner, Star Wars Episode V - The Empire Strikes Back, Léon The Professional, Star Wars Episode IV - A New Hope:",Raiders of the Lost Ark,Rent-A-Cop,Nothing to Lose,Cargo,0
"Blade Runner, Reservoir Dogs, Léon The Professional, Rear Window:",Pickup on South Street,One Flew Over the Cuckoo's Nest,Home,Trumbo,1
"Raiders of the Lost Ark, The Matrix, Pulp Fiction, Forrest Gump:",Trail of the Pink Panther,Inception,Firestarter,Joe's Apartment,1
"Raiders of the Lost Ark, The Dark Knight, Star Wars Episode IV - A New Hope, The Matrix:",Inception,Fandango,Ocean's Eleven,The Glimmer Man,0
"The Sixth Sense, One Flew Over the Cuckoo's Nest, Wallace & Gromit A Close Shave, The Maltese Falcon:",Feast,In the Loop,Return with Honor,Reservoir Dogs,3
"The Usual Suspects, Terminator 2 Judgment Day, Pulp Fiction, The Fugitive:",Friends & Lovers,Twelve Monkeys,Saw,Robot Jox,1
"The Shawshank Redemption, Braveheart, Pulp Fiction, Get Shorty:",The Fugitive,Ghostbusters,Malice,Police Academy 2 Their First Assignment,0
"The Shawshank Redemption, Pulp Fiction, The Fugitive, Braveheart:",Get Shorty,Prey for Rock & Roll,Duma,I Kill Giants,0
"Pulp Fiction, Braveheart, The Shawshank Redemption, Crimson Tide:",Goon Last of the Enforcers,A Very Harold & Kumar 3D Christmas,The Fugitive,A Separation,2
"Braveheart, Pulp Fiction, Saving Private Ryan, Gattaca:",Brave,Dredd,When Worlds Collide,Go,3
"Braveheart, The Usual Suspects, The Shawshank Redemption, The Fugitive:",Boy,Swiss Family Robinson,And Then There Were None,Crimson Tide,3
"The Shawshank Redemption, Saving Private Ryan, Braveheart, The Matrix:",Dracula 2000,1492 Conquest of Paradise,Schindler's List,Auto Focus,2
"The Shawshank Redemption, Forrest Gump, The Matrix, Good Will Hunting:",Star Wars Episode VI - Return of the Jedi,Cake,What's Your Number,Made in Dagenham,0
"Pulp Fiction, The Fugitive, Get Shorty, The Usual Suspects:",The Sea Inside,Laggies,Little Women,The Shawshank Redemption,3
"Pulp Fiction, Forrest Gump, Terminator 2 Judgment Day, Braveheart:",Ruby & Quentin,Insidious Chapter 3,Fast Times at Ridgemont High,The Fugitive,3
"The Fugitive, Forrest Gump, Pulp Fiction, The Shawshank Redemption:",Comandante,Neighbors,Breathless,Crimson Tide,3
"Twelve Monkeys, Terminator 2 Judgment Day, Pulp Fiction, The Usual Suspects:",PowerRangers,Dark Portals The Chronicles of Vidocq,Labyrinth,Braveheart,3
"The Usual Suspects, Braveheart, The Shawshank Redemption, Crimson Tide:",My Bloody Valentine 3-D,Fur An Imaginary Portrait of Diane Arbus,The Fugitive,That's Entertainment,2
"The Shawshank Redemption, The Matrix, Fight Club, Star Wars Episode I - The Phantom Menace:",THX 1138,Iron Eagle II,Chocolat,Forrest Gump,3
"Spider-Man, The Sixth Sense, Fight Club, Independence Day:",Once Bitten,Ruby Sparks,The Matrix,Terminal Velocity,2
"Spider-Man 2, The Fifth Element, X-Men, Spider-Man:",The White Sun of the Desert,The Happening,Independence Day,Destry Rides Again,2
"Kill Bill Vol 2, Kill Bill Vol 1, Forrest Gump, Memento:",Rising Sun,Rumble in the Bronx,Domino,The Shawshank Redemption,3
"The Shawshank Redemption, Fight Club, The Matrix, Kill Bill Vol 1:",Kill Bill Vol 2,Leprechaun 3,Kenny & Company,Playing God,0
"The Sixth Sense, The Matrix, Forrest Gump, The Shawshank Redemption:",Street Fighter II The Animated Movie,The Sheltering Sky,The Boy Who Could Fly,Terminator 2 Judgment Day,3
"Forrest Gump, The Shawshank Redemption, The Matrix, Star Wars Episode I - The Phantom Menace:",Fight Club,I Shot Jesse James,Out Cold,Blackrock,0
"Star Wars Episode I - The Phantom Menace, The Sixth Sense, Independence Day, Fight Club:",Terminator 2 Judgment Day,A Field in England,Green Street Hooligans,Guardians of the Galaxy 2,0
"Spider-Man 2, X-Men, The Fifth Element, Spider-Man:",Independence Day,The Bow,A Perfect Plan,Miami Vice,0
"Fight Club, The Shawshank Redemption, Kill Bill Vol 1, Kill Bill Vol 2:",Sorority House Massacre,Evolution,Memento,Scooby-Doo Goes Hollywood,2
"The Shawshank Redemption, Kill Bill Vol 2, Forrest Gump, Fight Club:",Emma,Tyrannosaur,Kill Bill Vol 1,How to Steal a Million,2
"Spider-Man, Spider-Man 2, The Matrix, Independence Day:",Jurassic World Fallen Kingdom,The Fifth Element,Across the Universe,Insomnia,1
"The Shawshank Redemption, Forrest Gump, Kill Bill Vol 2, Kill Bill Vol 1:",Wrong Turn 2 Dead End,Fight Club,My Mother's Castle,The Madagascar Penguins in a Christmas Caper,1
"Get Shorty, Mr Holland's Opus, Stargate, Dances with Wolves:",The Prime Gig,9 12 Weeks,The Usual Suspects,It Happened One Night,2
"Dances with Wolves, Mr Holland's Opus, Stargate, Get Shorty:",Ride with the Devil,It Runs in the Family,The Usual Suspects,Anomalisa,2
"The Shawshank Redemption, The Fugitive, Forrest Gump, Pulp Fiction:",I Know Who Killed Me,Oceans,Dances with Wolves,It Can't Be!,2
"Dances with Wolves, Stargate, Pulp Fiction, The Shawshank Redemption:",The Towering Inferno,The Collector,Diabolique,The Fugitive,3
"Dances with Wolves, Clear and Present Danger, Forrest Gump, The Fugitive:",Flight,Living in Oblivion,The Shawshank Redemption,The Mask of Zorro,2
"Pulp Fiction, The Shawshank Redemption, Dances with Wolves, Stargate:",The Fugitive,The Boss of It All,Barb Wire,Basic Instinct 2,0
"Stargate, The Fugitive, Pulp Fiction, Dances with Wolves:",Forrest Gump,Kevin Smith Too Fat For 40,Scorched,Stand and Deliver,0
"Dances with Wolves, The Shawshank Redemption, The Fugitive, Stargate:",Air Force One,Clear and Present Danger,Bone Tomahawk,Mambo Italiano,1
"The Fugitive, The Shawshank Redemption, Forrest Gump, Dances with Wolves:",Pulp Fiction,The Three Musketeers,The DUFF,My Lucky Stars,0
"The Fugitive, Pulp Fiction, Dances with Wolves, Forrest Gump:",Mudbound,The Shawshank Redemption,Grumpy Old Men,Strictly Ballroom,1
"Stargate, The Shawshank Redemption, Dances with Wolves, The Fugitive:","Angel at My Table, An",Beauty of the Day,Pulp Fiction,The Omega Man,2
"Pulp Fiction, The Fugitive, The Shawshank Redemption, Dances with Wolves:",Babylon 5 A Call to Arms,Letters from Iwo Jima,Forrest Gump,Saint Ralph,2
"Forrest Gump, Pulp Fiction, The Fugitive, Dances with Wolves:",Dragonheart 3 The Sorcerer's Curse,Chi-Raq,Stargate,Tae Guk Gi The Brotherhood of War,2
"Pulp Fiction, Stargate, The Fugitive, Dances with Wolves:",The Negotiator,Forrest Gump,A Dangerous Method,Spider-Man,1
"Stargate, The Shawshank Redemption, Dances with Wolves, The Fugitive:",Enter the Dragon,"Silent Night, Deadly Night",Clear and Present Danger,Mrs Doubtfire,2
"Forrest Gump, The Shawshank Redemption, Pulp Fiction, Dances with Wolves:",Women in Trouble,The Fugitive,Night at the Museum Secret of the Tomb,While You Were Sleeping,1
"The Shawshank Redemption, Forrest Gump, Dances with Wolves, The Fugitive:",Pulp Fiction,The Girl on the Bridge,Radioland Murders,Father of the Bride,0
"Pulp Fiction, Dances with Wolves, The Fugitive, The Shawshank Redemption:",Baby Secret of the Lost Legend,The Care Bears Movie,The Fiendish Plot of Dr Fu Manchu,Forrest Gump,3
"Forrest Gump, The Fugitive, The Shawshank Redemption, Dances with Wolves:",Voices from the List,Planet 51,Pulp Fiction,Final Fantasy VII Advent Children,2
"Pulp Fiction, Stargate, The Fugitive, The Shawshank Redemption:",The Astronaut Farmer,It's Pat,One-Eyed Jacks,Dances with Wolves,3
"Pulp Fiction, Clear and Present Danger, The Shawshank Redemption, The Fugitive:",Dances with Wolves,My Sister's Keeper,Rocky II,Rat Race,0
"Dances with Wolves, The Fugitive, The Shawshank Redemption, Forrest Gump:",Pulp Fiction,Gallipoli,Money Monster,Robin Hood Men in Tights,0
"Dances with Wolves, Pulp Fiction, Forrest Gump, Stargate:",Designing Woman,The Fugitive,The Forgotten,A Man Vanishes,1
"Dances with Wolves, Clear and Present Danger, The Fugitive, Stargate:",Creep,The Shawshank Redemption,The Messengers,The Best Man,1
"Forrest Gump, The Fugitive, The Shawshank Redemption, Pulp Fiction:",Anchors Aweigh,Looney Tunes Back in Action,Porky's Revenge,Dances with Wolves,3
"Mr Holland's Opus, What's Eating Gilbert Grape, Braveheart, Don Juan DeMarco:",Kevin Hart I'm a Grown Little Man,IQ,Pulp Fiction,Penguins of Madagascar,2
"The Fugitive, Schindler's List, Braveheart, Get Shorty:",Kicking & Screaming,I Bought a Vampire Motorcycle,Crimson Tide,Soul Plane,2
"The Shawshank Redemption, Forrest Gump, Pulp Fiction, Braveheart:",A Woman Under the Influence,"It's the Great Pumpkin, Charlie Brown",The House,Dances with Wolves,3
"Pulp Fiction, Forrest Gump, Dances with Wolves, The Usual Suspects:",The Lawnmower Man,Virus,Jaws The Revenge,Get Shorty,3
"Dances with Wolves, Crimson Tide, Braveheart, The Fugitive:",Rachel Getting Married,Howard the Duck,The Shawshank Redemption,The Post,2
"Mr Holland's Opus, Dances with Wolves, Forrest Gump, Philadelphia:",The Shawshank Redemption,Borat Cultural Learnings of America for Make Benefit Glorious Nation of Kazakhstan,The Double,Neon Bull,0
"Pulp Fiction, Forrest Gump, The Fugitive, The Usual Suspects:",Wisdom,Lost and Delirious,People I Know,Braveheart,3
"Get Shorty, The Shawshank Redemption, What's Eating Gilbert Grape, Pulp Fiction:",Hulk Vs,Lost in La Mancha,Schindler's List,Recount,2
"Mr Holland's Opus, Schindler's List, The Shawshank Redemption, Don Juan DeMarco:",Get Shorty,Death Wish 3,A Trip to the Moon,Hype!,0
"The Shawshank Redemption, Don Juan DeMarco, Mr Holland's Opus, Get Shorty:",Howards End,Long Night's Journey Into Day,Boccaccio '70,What's Eating Gilbert Grape,3
"The Usual Suspects, The Shawshank Redemption, Get Shorty, Pulp Fiction:",Schindler's List,The Handmaiden,"Davy Crockett, King of the Wild Frontier",Jet Li's Fearless,0
"Forrest Gump, Pulp Fiction, The Usual Suspects, Schindler's List:",Bliss,Date with an Angel,Velvet Goldmine,The Shawshank Redemption,3
"Get Shorty, What's Eating Gilbert Grape, The Fugitive, The Shawshank Redemption:",Unstrung Heroes,Vampire in Brooklyn,Braveheart,Borat Cultural Learnings of America for Make Benefit Glorious Nation of Kazakhstan,2
"Schindler's List, The Shawshank Redemption, Pulp Fiction, Get Shorty:",The Usual Suspects,It Can't Be!,A Man and a Woman,Scouts Guide to the Zombie Apocalypse,0
"Forrest Gump, The Fugitive, The Shawshank Redemption, Pulp Fiction:",Indestructible Man,Oxygen,Crimson Tide,Ace in the Hole,2
"Get Shorty, The Fugitive, Pulp Fiction, The Usual Suspects:",Tomcats,The Librarian Quest for the Spear,Spacehunter Adventures in the Forbidden Zone,Forrest Gump,3
"Braveheart, The Fugitive, The Shawshank Redemption, The Usual Suspects:",Pale Rider,Runaway Brain,Crimson Tide,Super Mario Bros,2
"Get Shorty, The Shawshank Redemption, Braveheart, Pulp Fiction:",Jonestown The Life and Death of Peoples Temple,Hostage,Crimson Tide,The Birth of a Nation,2
"Pulp Fiction, The Fugitive, The Shawshank Redemption, Dances with Wolves:",All Over the Guy,Forrest Gump,Elizabethtown,The Bride of Frankenstein,1
"Dances with Wolves, The Shawshank Redemption, The Fugitive, Pulp Fiction:",The City of Women,Avengers Infinity War - Part I,Forrest Gump,The Man Who Knew Too Much,2
"The Fugitive, Forrest Gump, Dances with Wolves, Pulp Fiction:",Rush,Happy Go Lovely,The Shawshank Redemption,Vampires,2
"The Fugitive, Dances with Wolves, Forrest Gump, The Shawshank Redemption:",A Special Day,David Cross Making America Great Again,Happy Go Lovely,Pulp Fiction,3
"The Shawshank Redemption, Pulp Fiction, Don Juan DeMarco, Dances with Wolves:",Broken Flowers,Mr Holland's Opus,Jackass 35,Dark City,1
"Braveheart, The Usual Suspects, Crimson Tide, The Fugitive:",Get Shorty,The Firm,Pillow Talk,Hairspray,0
"Crimson Tide, The Shawshank Redemption, Pulp Fiction, Forrest Gump:",Phineas and Ferb the Movie Across the 2nd Dimension,Dances with Wolves,The Survivalist,Death of a Salesman,1
"Forrest Gump, Braveheart, The Usual Suspects, The Fugitive:",Get Shorty,Billy Jack,A Field in England,Tank Girl,0
"Braveheart, Dances with Wolves, The Shawshank Redemption, The Usual Suspects:",3000 Miles to Graceland,Crimson Tide,Best Men,A Very Harold & Kumar 3D Christmas,1
"The Shawshank Redemption, Forrest Gump, Dances with Wolves, Mr Holland's Opus:",PK,The Great Gatsby,Philadelphia,Casper Meets Wendy,2
"Crimson Tide, Braveheart, The Usual Suspects, Forrest Gump:",Dances with Wolves,Withnail & I,The True Memoirs of an International Assassin,Bicycle Thieves,0
"The Fugitive, Get Shorty, Braveheart, The Shawshank Redemption:",Snow White and the Seven Dwarfs,Dances with Wolves,The Rookie,The Vow,1
"Dances with Wolves, The Shawshank Redemption, Braveheart, The Fugitive:",The Village,Beverly Hills Cop III,Bring Me the Head of Alfredo Garcia,Pulp Fiction,3
"Braveheart, The Fugitive, Get Shorty, Mr Holland's Opus:",Dances with Wolves,Candyman Farewell to the Flesh,Down Argentine Way,Revenge of the Green Dragons,0
"Dances with Wolves, Get Shorty, The Fugitive, Braveheart:",Barbershop 2 Back in Business,Cool Runnings,To Be or Not to Be,The Shawshank Redemption,3
"The Fugitive, Crimson Tide, Braveheart, The Shawshank Redemption:",Pulp Fiction,Autumn Marathon,I'm Not There,The Limey,0
"Pulp Fiction, Braveheart, The Fugitive, Get Shorty:",I Do How to Get Married and Stay Single,Forrest Gump,The Crossing Guard,Jimmy Carr Making People Laugh,1
"Braveheart, The Fugitive, The Shawshank Redemption, The Usual Suspects:",Down to the Bone,Dances with Wolves,Starship Troopers,Return to Paradise,1
"The Shawshank Redemption, Pulp Fiction, Crimson Tide, Forrest Gump:",Braveheart,Ripley's Game,Spanglish,Meet the Feebles,0
"Pulp Fiction, Forrest Gump, The Fugitive, Braveheart:",Little Women,Dances with Wolves,Bring It On All or Nothing,Dead Alive,1
"The Fugitive, Braveheart, Crimson Tide, Dances with Wolves:",Timeline,Jet Li's Fearless,The Shawshank Redemption,Escape From Tomorrow,2
"Braveheart, Dances with Wolves, Crimson Tide, The Shawshank Redemption:","Misérables, Les",The Fugitive,The Emperor's Club,Cooties,1
"Dances with Wolves, The Usual Suspects, Forrest Gump, Pulp Fiction:",A Hard Day's Night,The Fugitive,Slow West,Free to Play,1
"Crimson Tide, The Fugitive, The Usual Suspects, Dances with Wolves:",Bandidas,Braveheart,Too Many Cooks,Bad Santa,1
"Seven, The Usual Suspects, Pulp Fiction, American Beauty:",Hilary and Jackie,The Visit,Margin Call,Fargo,3
"Reservoir Dogs, The Usual Suspects, Goodfellas, The Matrix:",Star Wars Episode V - The Empire Strikes Back,Cradle 2 the Grave,Irreversible,Stigmata,0
"American Beauty, Pi, X-Men, The Godfather:",Police Academy Mission to Moscow,The Matrix,Carnival of Souls,SupermanDoomsday,1
"Fargo, Monty Python and the Holy Grail, Pulp Fiction, Twelve Monkeys:",High Heels and Low Lifes,Extraordinary Tales,Pi,Rubber,2
"Army of Darkness, Go, The Sixth Sense, Alien:",Cool Hand Luke,Children of the Corn III,Ice Guardians,Cinema Paradiso,0
"The Usual Suspects, The Fugitive, Pulp Fiction, Terminator 2 Judgment Day:",Keep the River on Your Right A Modern Cannibal Tale,Grumpier Old Men,Twelve Monkeys,The Chumscrubber,2
"The Godfather, The Usual Suspects, Goodfellas, Monty Python and the Holy Grail:","Honest Liar, An",40 Days and 40 Nights,Pulp Fiction,Patlabor The Movie,2
"The Usual Suspects, Pulp Fiction, Goodfellas, The Godfather:",Big Daddy,Mogambo,Kiss Kiss Bang Bang,Monty Python and the Holy Grail,3
"Star Wars Episode V - The Empire Strikes Back, Star Wars Episode IV - A New Hope, Star Wars Episode VI - Return of the Jedi, The Matrix:",Baby's Day Out,Les Misérables,Terminator 2 Judgment Day,Dudley Do-Right,2
"The Matrix, Star Wars Episode V - The Empire Strikes Back, Star Wars Episode VI - Return of the Jedi, Star Wars Episode IV - A New Hope:",The Crossing Guard,The Maiden Heist,Terminator 2 Judgment Day,The Magic Ring,2
"Star Wars Episode IV - A New Hope, The Usual Suspects, Star Wars Episode V - The Empire Strikes Back, Pulp Fiction:",Fargo,Conan the Barbarian,Wisdom,The Crew,0
"The Usual Suspects, Star Wars Episode V - The Empire Strikes Back, Pulp Fiction, Star Wars Episode IV - A New Hope:",Twelve Monkeys,She's Out of My League,The Lost Room,High Crimes,0
"Go, Twelve Monkeys, Pulp Fiction, The Sixth Sense:",Predators,Terminator 2 Judgment Day,Two Much,Premium Rush,1
"The Usual Suspects, Go, Pulp Fiction, Star Wars Episode VI - Return of the Jedi:",The Sign of Four,The Hunt for Red October,Auto Focus,Marauders,1
"The Hunt for Red October, The Usual Suspects, The Sixth Sense, The Fugitive:",The Opposite Sex,Mr Holmes,Pulp Fiction,The Letter,2
"The Fugitive, Pulp Fiction, The Usual Suspects, Twelve Monkeys:",Why Don't You Play In Hell,Terminator 2 Judgment Day,MacGruber,The Masque of the Red Death,1
"Fargo, Pulp Fiction, American Beauty, Seven:",The Usual Suspects,Lady Vengeance,K-19 The Widowmaker,That Demon Within,0
"The Matrix, Seven, The Usual Suspects, Reservoir Dogs:",The Godfather Part II,The Sting,Trash Humpers,The Seventh Sign,0
"The Usual Suspects, The Matrix, The Godfather, Pi:",Little Miss Marker,Pulp Fiction,What Love Is,The Spy Next Door,1
"Pulp Fiction, Fargo, Twelve Monkeys, Monty Python and the Holy Grail:",Cloud Atlas,Friday Night Lights,The Godfather,Pride and Prejudice,2
"The Sixth Sense, Star Wars Episode V - The Empire Strikes Back, Cool Hand Luke, The Godfather:",The Testament of Dr Mabuse,Under Siege 2 Dark Territory,Star Wars Episode IV - A New Hope,The Tenant,2
"The Fugitive, Pulp Fiction, The Usual Suspects, Terminator 2 Judgment Day:",The Amazing Panda Adventure,Sweeney Todd,Welcome to Sarajevo,Seven,3
"Go, Star Wars Episode IV - A New Hope, The Godfather Part II, The Godfather:",Pulp Fiction,The Hungover Games,A Family Thing,Casino,0
"The Godfather, Twelve Monkeys, Pi, Monty Python and the Holy Grail:",Pulp Fiction,The Machinist,Yes Man,Perfect Sense,0
"Star Wars Episode IV - A New Hope, Go, The Sixth Sense, Terminator 2 Judgment Day:",Star Wars Episode V - The Empire Strikes Back,The Zero Theorem,Stranger than Fiction,The New One-Armed Swordsman,0
"Pulp Fiction, The Usual Suspects, Twelve Monkeys, Terminator 2 Judgment Day:",The Fugitive,Lightning Jack,SFW,Ghost in the Shell Arise - Border 1 Ghost Pain,0
"Braveheart, The Fugitive, Tombstone, Get Shorty:",Thoroughly Modern Millie,Cocktail,Hands Off the Loot,The Shawshank Redemption,3
"Dances with Wolves, The Shawshank Redemption, Stargate, Tombstone:",The Fugitive,Frankenstein Unbound,Easter Parade,One Crazy Summer,0
"Mr Holland's Opus, The Fugitive, Dances with Wolves, Stargate:",Braveheart,Reckless,Nobody Knows,2010 The Year We Make Contact,0
"Stargate, Braveheart, The Shawshank Redemption, Dances with Wolves:",Hot Tub Time Machine 2,Morvern Callar,The Bourne Identity,The Fugitive,3
"Dances with Wolves, The Fugitive, The Shawshank Redemption, Braveheart:",Hostage,Behind Enemy Lines,Get Shorty,Alice,2
"Don Juan DeMarco, Mr Holland's Opus, What's Eating Gilbert Grape, Pulp Fiction:",Get Shorty,Kolya,Death Wish 2,Gold Diggers of 1933,0
"The Shawshank Redemption, Get Shorty, Tombstone, Pulp Fiction:",A Bad Moms Christmas,Mr Holland's Opus,The Presidio,Dragon Ball Z The History of Trunks,1
"Braveheart, The Fugitive, Pulp Fiction, Get Shorty:",Deliver Us from Evil,The Closer You Get,Jackass The Movie,What's Eating Gilbert Grape,3
"Get Shorty, The Fugitive, What's Eating Gilbert Grape, Pulp Fiction:",Braveheart,The House of Yes,The Boys of St Vincent,Camille,0
"Braveheart, Get Shorty, The Shawshank Redemption, Pulp Fiction:",The Fugitive,Ready to Rumble,Thoroughly Modern Millie,Ninja Shadow of a Tear,0
"Get Shorty, The Shawshank Redemption, The Fugitive, Pulp Fiction:",Battle Royale 2 Requiem,The Lodger A Story of the London Fog,Braveheart,Paterson,2
"The Shawshank Redemption, Pulp Fiction, The Fugitive, Stargate:",Guinevere,White Frog,Dances with Wolves,Benny & Joon,2
"Dances with Wolves, Stargate, The Fugitive, The Shawshank Redemption:",Angels with Dirty Faces,Invincible,Pulp Fiction,The Old Man and the Sea,2
"Get Shorty, The Shawshank Redemption, The Fugitive, Mr Holland's Opus:",Joe Dirt 2 Beautiful Loser,Braveheart,Where Eagles Dare,Polyester,1
"Braveheart, Pulp Fiction, The Shawshank Redemption, The Fugitive:",Death Wish 4 The Crackdown,Get Shorty,"Family Guy Presents Something, Something, Something, Dark Side",And Now Ladies and Gentlemen,1
"The Fugitive, The Shawshank Redemption, Braveheart, Pulp Fiction:",Dances with Wolves,The Snapper,When the Levees Broke A Requiem in Four Acts,To Live and Die in LA,0
